{
  "events_processed": 107,
  "total_cycles": 235,
  "total_energy_pj": 235.0,
  "cache_hit_rate": 0.9532710280373832,
  "cold_hit_rate": 0.5,
  "warm_hit_rate": 1.0,
  "composite_score": 159361702.1304255
}